,test,statistic,p-value
Total_PnL,t-test,2.324154498128108,0.021709969966269897
Total_Trade_Volume,t-test,3.3875760052876305,0.000979103837544113
Trade_Count,t-test,3.618989801854887,0.000428238646544589
